Radiolarians: The Evolutionary Set,2009
Radiolarians 3,2009
Radiolarians 2,2009
Radiolarians 1,2008
The Woodstock Sessions Vol. 2,2014
Shack-man,1996
Tonic,2000
20,2011
Free Magic,2012
Notes from the Underground,1992
The Stone: Issue Four,2010
Friday Afternoon in the Universe,1995
Farmer's Reserve,1997
The Dropper,2000
End of the World Party (Just in Case),2004
Electric Tonic,2001
Let's Go Everywhere,2014
Zaebos: Book of Angels Volume 11,2008
Juice,2014
Combustication,1998
It's a Jungle in Here,1993
Uninvisible,2002
